รหัสรุ่น,รหัสชื่อสินค้า
IP1164,APPLE IPHONE 11 64 GB
IP11128,APPLE IPHONE 11 128 GB
IP1264,APPLE IPHONE 12 64 GB
IP12128,APPLE IPHONE 12 128 GB
IP13128,APPLE IPHONE 13 128 GB
IP13256,APPLE IPHONE 13 256 GB
IP14128,APPLE IPHONE 14 128 GB
IP14256,APPLE IPHONE 14 256 GB
IP14512,APPLE IPHONE 14 512 GB
IP14PL128,APPLE IPHONE 14 PLUS 128 GB
IP14PL256,APPLE IPHONE 14 PLUS 256 GB
IP14PL512,APPLE IPHONE 14 PLUS 512 GB
IP14PR128,APPLE IPHONE 14 PRO 128 GB
IP14PR256,APPLE IPHONE 14 PRO 256 GB
IP14PM128,APPLE IPHONE 14 PRO MAX 128 GB
IP14PM256,APPLE IPHONE 14 PRO MAX 256 GB
IP14PM512,APPLE IPHONE 14 PRO MAX 512 GB
IP15128,APPLE IPHONE 15 128 GB
IP15256,APPLE IPHONE 15 256 GB
IP15512,APPLE IPHONE 15 512 GB
IP15PL128,APPLE IPHONE 15 PLUS 128 GB
IP15PL256,APPLE IPHONE 15 PLUS 256 GB
IP15PL512,APPLE IPHONE 15 PLUS 512 GB
IP15PR128,APPLE IPHONE 15 PRO 128 GB
IP15PR256,APPLE IPHONE 15 PRO 256 GB
IP15PR512,APPLE IPHONE 15 PRO 512 GB
IP15PR1T,APPLE IPHONE 15 PRO 1 TB
IP15PM256,APPLE IPHONE 15 PRO MAX 256 GB
IP15PM512,APPLE IPHONE 15 PRO MAX 512 GB
IP15PM1,APPLE IPHONE 15 PRO MAX 1 TB
IP16512,APPLE IPHONE 16 512 GB
IP16128,APPLE IPHONE 16 128 GB
IP16128UB,APPLE IPHONE 16 UB 128 GB
IP16256,APPLE IPHONE 16 256 GB
IP16256UB,APPLE IPHONE 16 UB 256 GB
IP16PL128,APPLE IPHONE 16 PLUS 128 GB
IP16PL128UB,APPLE IPHONE 16 PLUS UB 128 GB
IP16PL256,APPLE IPHONE 16 PLUS 256 GB
IP16PL512,APPLE IPHONE 16 PLUS 512 GB
IP16P128,APPLE IPHONE 16 PRO 128 GB
IP16P256,APPLE IPHONE 16 PRO 256 GB
IP16P256UB,APPLE IPHONE 16 PRO UB 256 GB
IP16PM256,APPLE IPHONE 16 PRO MAX 256 GB
IP16PM256UB,APPLE IPHONE 16 UB PRO MAX 256 GB
IP16PM512UB,APPLE IPHONE 16 UB PRO MAX 512 GB
IP16PM512,APPLE IPHONE 16 PRO MAX 512 GB
IP16PM1T,APPLE IPHONE 16 PRO MAX 1 TB
IP16PM1TUB,APPLE IPHONE 16 PRO MAX UB 1 TB
IP16E256,APPLE IPHONE 16E 256 GB
IP16E128,APPLE IPHONE 16E 128 GB
IPDG9W64,APPLE IPAD GEN 9 WIFI 64 GB
IPDG9W256,APPLE IPAD GEN 9 WIFI 256 GB
IPDG9C64,APPLE IPAD GEN 9 WIFI+CELLULAR 64 GB
IPDG9C256,APPLE IPAD GEN 9 WIFI+CELLULAR 256 GB
IPDG10W64,APPLE IPAD (10TH GENERATION) WIFI 64 GB
IPDG10W256,APPLE IPAD (10TH GENERATION) WIFI 256 GB
IPDG10C64,APPLE IPAD (10TH GENERATION) WIFI+CELLULAR 64 GB
IPDG10C256,APPLE IPAD (10TH GENERATION) WIFI+CELLULAR 256 GB
IPDG11W128,APPLE IPAD (11TH GENERATION) WIFI 128 GB
IPDG11W256,APPLE IPAD (11TH GENERATION) WIFI 256 GB
IPDG11W512,APPLE IPAD (11TH GENERATION) WIFI 512 GB
IPDG11C128,APPLE IPAD (11TH GENERATION) WIFI+CELLULAR 128 GB
IPDG11C256,APPLE IPAD (11TH GENERATION) WIFI+CELLULAR 256 GB
IPDM7W256,APPLE IPAD MINI 7 WIFI 256 GB
IPDM7C256,APPLE IPAD MINI 7 WIFI+CELLULAR 256 GB
IPDA5W64,APPLE IPAD AIR 5 WIFI 64 GB
IPDA5W256,APPLE IPAD AIR 5 WIFI 256 GB
IPDA5C64,APPLE IPAD AIR 5 WIFI+CELLULAR 64 GB
IPDA5C256,APPLE IPAD AIR 5 WIFI+CELLULAR 256 GB
IPDA611W128,"APPLE IPAD AIR 6 11"" WIFI 128 GB"
IPDA611W256,"APPLE IPAD AIR 6 11"" WIFI 256 GB"
IPDA611W512,"APPLE IPAD AIR 6 11"" WIFI 512 GB"
IPDA611C128,"APPLE IPAD AIR 6 11"" WIFI+CELLULAR 128 GB"
IPDA613W256,"APPLE IPAD AIR 6 13"" WIFI 256 GB"
IPDA613W128,"APPLE IPAD AIR 6 13"" WIFI 128 GB"
IPDA613C256,"APPLE IPAD AIR 6 13"" WIFI+CELLULAR 256 GB"
IPDA7M311W128,"APPLE IPAD AIR 7 11"" M3 WIFI 128 GB"
IPDA7M311W256,"APPLE IPAD AIR 7 11"" M3 WIFI 256 GB"
IPDA7M311W1T,"APPLE IPAD AIR 7 11"" M3 WIFI 1 TB"
IPDA7M311C128,"APPLE IPAD AIR 7 11"" M3 WIFI+CELLULAR 128 GB"
IPDA7M311C256,"APPLE IPAD AIR 7 11"" M3 WIFI+CELLULAR 256 GB"
IPDP11W128,"APPLE IPAD PRO 11"" M2 WIFI 128 GB"
IPDP11W256,"APPLE IPAD PRO 11"" M2 WIFI 256 GB"
IPDP11W512,"APPLE IPAD PRO 11"" M2 WIFI 512 GB"
IPDP11C128,"APPLE IPAD PRO 11"" M2 WIFI+CELLULAR 128 GB"
IPDP11C256,"APPLE IPAD PRO 11"" M2 WIFI+CELLULAR 256 GB"
IPDP12W128,"APPLE IPAD PRO 12.9"" M2 WIFI 128 GB"
IPDP12W256,"APPLE IPAD PRO 12.9"" M2 WIFI 256 GB"
IPDP12C128,"APPLE IPAD PRO 12.9"" M2 WIFI+CELLULAR 128 GB"
IPDP12C256,"APPLE IPAD PRO 12.9"" M2 WIFI+CELLULAR 256 GB"
IPDPM411W256,"APPLE IPAD PRO M4 11"" WIFI 256 GB"
IPDPM413W256,"APPLE IPAD PRO M4 13"" WIFI 256 GB"
IPDPM413W512,"APPLE IPAD PRO M4 13"" WIFI 512 GB"
IPDPM411W1TB,"APPLE IPAD PRO M4 11"" WIFI 1 TB"
IPDPM411C256,"APPLE IPAD PRO M4 11"" WIFI+CELLULAR 256 GB"
IPDPM413C256,"APPLE IPAD PRO M4 13"" WIFI+CELLULAR 256 GB"
MBA158256,"APPLE NEW MACBOOK AIR 15"" M2 8/256 GB"
MBA8256,"APPLE NEW MACBOOK AIR 13"" M1 8/256 GB"
MBP8256,"APPLE NEW MACBOOK PRO 13"" M2 8/256"
WS8G45,APPLE WATCH S8 45MM GPS
WS9G41,APPLE WATCH S9 41MM GPS
WS9C41,APPLE WATCH S9 41MM CELLULAR
WS9G45,APPLE WATCH S9 45MM GPS
WS9CAL45,APPLE WATCH S9 45MM CELLULAR ALUMINIUM
WS9CST45,APPLE WATCH S9 45MM CELLULAR STAINLESS
WS10G42,APPLE WATCH S10 42MM GPS
WS10G46,APPLE WATCH S10 46MM GPS
WUTT49,APPLE WATCH ULTRA 49MM TITANIUM
P1,APPLE PENCIL 1
P2,APPLE PENCIL 2
PP,APPLE PENCIL PRO
PUSBC,APPLE PENCIL USB-C
APP2,APPLE AIRPODS PRO 2
APP2MS,APPLE AIRPODS PRO 2 (MAGSAFE CASE)
AP3MS,APPLE AIRPODS 3 (MAGSAFE CASE)
AP3LT,APPLE AIRPODS 3 (LIGHTNING)
AP4,APPLE AIRPODS 4
APA4,APPLE AIRPODS 4 ANC
APG2,APPLE AIRPODS (2ND GENERATION)
EP001,APPLE EARPODS
EPC001,APPLE EARPODS USB-C
USBCTL,APPLE CABLE USB-C TO LIGHTNING
USBCTC,APPLE CABLE USB-C TO C CHARGE CABLE
USBC240W,APPLE CABLE USB-C TO C CHARGE CABLE 240W
AD20WC,APPLE ADAPTER 20W USB-C
BUCWC,BEATS USB-C WOVEN CABLE
AT001,APPLE AIRTAG
ATP4001,APPLE AIRTAG(PACK4)
FMC001,FOLIO MUTURAL CASE
TSCC001,TPU SPACE CLEAR CASE
SPIP001,SCREEN PROTECTOR IPHONE
SPIPD001,SCREEN PROTECTOR IPAD
SZFL48256,SAMSUNG Z FLIP4 8/256GB
SZFL458256,SAMSUNG Z FLIP4 5G 8/256GB
SZFL458512,SAMSUNG Z FLIP4 5G 8/512GB
SZFL558512,SAMSUNG Z FLIP5 5G 8/512GB
SZFO5512512,SAMSUNG Z FOLD5 5G 12/512GB
SZFL612256,SAMSUNG Z FLIP6 12/256GB
SZFL612512,SAMSUNG Z FLIP6 12/512GB
SZFO6512256,SAMSUNG Z FOLD6 5G 12/256GB
SZFO6512512,SAMSUNG Z FOLD6 5G 12/512GB
S25U5121,SAMSUNG GALAXY S25 ULTRA 5G 12/1TB
S25U512512,SAMSUNG GALAXY S25 ULTRA 5G 12/512GB
S25U512256,SAMSUNG GALAXY S25 ULTRA 5G 12/256GB
S25512512,SAMSUNG GALAXY S25 5G 12/512GB
S24U512256,SAMSUNG GALAXY S24 ULTRA 5G 12/256GB
S24U512512,SAMSUNG GALAXY S24 ULTRA 5G 12/512GB
S24U5121,SAMSUNG GALAXY S24 ULTRA 5G 12/1TB
S24P8512,SAMSUNG GALAXY S24+ 8/512GB
S24P12512,SAMSUNG GALAXY S24+ 12/512GB
S24P12256,SAMSUNG GALAXY S24+ 12/256GB
S23U58256,SAMSUNG GALAXY S23 ULTRA 5G 8/256GB
SA56512256,SAMSUNG GALAXY A56 5G 12/256GB
SA5658128,SAMSUNG GALAXY A56 5G 8/128GB
SA558128,SAMSUNG GALAXY A55 5G 8/128GB
SA5512256,SAMSUNG GALAXY A55 5G 12/256GB
SA548256,SAMSUNG GALAXY A54 5G 8/256GB
SA368128,SAMSUNG GALAXY A36 5G 8/128GB
SA358128,SAMSUNG GALAXY A35 5G 8/128GB
SA2558256,SAMSUNG GALAXY A25 5G 8/256GB
SA246128,SAMSUNG GALAXY A24 6/128GB
SA1658256,SAMSUNG GALAXY A16 5G 8/256GB
SA1654128,SAMSUNG GALAXY A16 5G 4/128GB
SA1558128,SAMSUNG GALAXY A15 5G 8/128GB
SA1558256,SAMSUNG GALAXY A15 5G 8/256GB
SA1548128,SAMSUNG GALAXY A15 4G 8/128GB
SA1454128,SAMSUNG GALAXY A14 5G 4/128GB
SA0656128,SAMSUNG GALAXY A06 5G 6/128GB
SA065464,SAMSUNG GALAXY A06 5G 4/64GB
SA0644128,SAMSUNG GALAXY A06 4G 4/128GB
SA064464,SAMSUNG GALAXY A06 4G 4/64GB
SA05464,SAMSUNG GALAXY A05 4/64GB
SA054128,SAMSUNG GALAXY A05 4/128GB
SA05S6128,SAMSUNG GALAXY A05S 6/128GB
STA9P58128,SAMSUNG GALAXY TAB A9 PLUS 5G 8/128GB
STA9464,SAMSUNG GALAXY TAB A9 4/64GB
STA98128,SAMSUNG GALAXY TAB A9 4G 8/128GB
STS6LL4128,SAMSUNG GALAXY TAB S6 LITE LTE (2024) 4/128GB
STA7LS,SAMSUNG GALAXY TAB A7 LITE SIM
SB3P001,SAMSUNG GALAXY BUDS3 PRO
SBFE001,SAMSUNG GALAXY BUDS FE
OPR13P12512,OPPO RENO 13 PRO 5G 12/512GB
OPR13512512,OPPO RENO 13 5G 12/512GB
OPR13512256,OPPO RENO 13 5G 12/256GB
OPR13F512512,OPPO RENO 13 F 5G 12/512GB
OPR13F512256,OPPO RENO 13 F 5G 12/256GB
OPBC,OPPO PREMIUM GIFT SET RENO 13 SERIES
BAG003,OPPO RENO 13 BAG
OPR12P12512,OPPO RENO12PRO 5G 12/512GB
OPR12F512256,OPPO RENO12F 5G 12/256GB
OPR11F58256,OPPO RENO11F 5G 8/256GB
OPR1112256,OPPO RENO11 5G 12/256GB
OPR12512256,OPPO RENO12 5G 12/256GB
OPA5P58256,OPPO A5 PRO 5G 8/256GB
OPA5P56128,OPPO A5 PRO 5G 6/128GB
OPA5P8128,OPPO A5 PRO 4G 8/128GB
OPA588128,OPPO A58 8/128GB
OPA386128,OPPO A38 6/128GB
OPA18464,OPPO A18 4G 4/64GB
OPA184128,OPPO A18 4G 4/128GB
OPA5X6128,OPPO A5X 6/128GB
OPA3364,OPPO A3 3/64 GB
OPA38128,OPPO A3 8/128GB
OPA3X4128,OPPO A3X 4/128GB
OPA3X464,OPPO A3X 4/64GB
OPA17K,OPPO A17K
OPA608256,OPPO A60 5G 8/256GB
OPA608128,OPPO A60 5G 8/128GB
OPA7958256,OPPO A79 5G 8/256GB
OPA7954128,OPPO A79 5G 4/128GB
VY20012512,VIVO Y200 5G 12/512GB
VY20058256,VIVO Y200 5G 8/256GB
VY1004826,VIVO Y100 4G 8/256GB
VY10058256,VIVO Y100 5G 8/256GB
VVX200P16512,VIVO X200 PRO 16/512GB
BAG002,VIVO X 200 BAG
VVX200PC,VIVO X 200 PRO CASE
VVX20012256,VIVO X200 5G 12/256GB
VVX200C,VIVO X200 CASE
VV50512512,VIVO V50 5G 12/512GB
VV50512256,VIVO V50 5G 12/256GB
VV50C,VIVO V50 CASE
VVBC,VIVO BUDS COSMIC
VV50L512512,VIVO V50 LITE 5G 12/512GB
VV50L58256,VIVO V50 LITE 5G 8/256GB
VV50LBS,VIVO V50 LITE 5G BOX SET
VVBCM,VIVO BUDS CERAMIC
VV40512512,VIVO V40 5G 12/512GB
VV40512256,VIVO V40 5G 12/256GB
VV40512256C,VIVO V40 5G 12/256 + CASE
VV40BS,VIVO V40 5G BOX SET
VV40BC,VIVO V40 5G BOX CASE
VV40CU,VIVO V40 5G CUSHION
VV40P12512,VIVO V40 PRO 5G 12/512GB
VV30P12512,VIVO V30 PRO 12/512GB
VV3012256,VIVO V30 5G 12/256GB
VV30E8256,VIVO V30E 5G 8/256GB
VY3958256,VIVO Y39 5G 8/256GB
VY298256,VIVO Y29 8/256GB
VY298128,VIVO Y29 8/128GB
VY28S58128,VIVO Y28S 5G 8/128GB
VY28S6128,VIVO Y28S 6/128GB
VY288128,VIVO Y28 8/128GB
VY288256,VIVO Y28 8/256GB
VY19S61218,VIVO Y19S 6/128GB
VY19S4128,VIVO Y19S 4/128GB
VY19S464,VIVO Y19S 4/64GB
VY188128,VIVO Y18 8/128GB
VY04464,VIVO Y04 4G 4/64GB
VY034128,VIVO Y03 4/128GB
VY03464,VIVO Y03 4/64GB
VY03T4128,VIVO Y03T 4G 4/128GB
VY03T464,VIVO Y03T 4G 4/64GB
VY02T464,VIVO Y02T 4/64GB
RNPCF612512-0,XIAOMI POCO F6 12/512GB
RN14P512256,XIAOMI REDMI NOTE14 PRO 5G 12/256GB
RN1458256,XIAOMI REDMI NOTE14 5G 8/256GB
RN1448256,XIAOMI REDMI NOTE14 4G 8/256GB
RN13P58256,XIAOMI REDMI NOTE13 PRO 5G 8/256GB
RN1348256,XIAOMI REDMI NOTE13 4G 8/256GB
RN1346128,XIAOMI REDMI NOTE13 4G 6/128GB
RN1358256,XIAOMI REDMI NOTE13 5G 8/256GB
RN13L8256,XIAOMI REDMI NOTE13 LTE 8/256GB
RN1258256,XIAOMI REDMI NOTE12 5G 8/256GB
PC758256,XIAOMI POCO C75 8/256GB
PC758128,XIAOMI POCO C75 8/128GB
PC756128,XIAOMI POCO C75 6/128GB
PC656128,XIAOMI POCO C65 6/128GB
PC658256,XIAOMI POCO C65 8/256GB
PCX612512,XIAOMI POCO X6 5G 12/512GB
R13C54128,XIAOMI REDMI13C 5G 4/128GB
R13C6128,XIAOMI REDMI13C 4G 6/128GB
R138256,XIAOMI REDMI13 4G 8/256GB
R138128,XIAOMI REDMI13 4G 8/128GB
R13C8256,XIAOMI REDMI13C 4G 8/256GB
R14C6128,XIAOMI REDMI14C 4G 6/128GB
R14C8256,XIAOMI REDMI14C 4G 8/256GB
R14CC001,XIAOMI REDMI14C CASE
R128256,XIAOMI REDMI 12 5G 8/256GB
R124128,XIAOMI REDMI12 5G 4/128GB
R12T8256,XIAOMI REDMI 12T 8/256GB
RA54128,XIAOMI REDMI A5 4/128GB
RA5364,XIAOMI REDMI A5 3/64GB
FRA5,FILM XIAOMI REDMI A5
RA34128,XIAOMI REDMI A3 4/128GB
RA3364,XIAOMI REDMI A3 3/64GB
P68256,XIAOMI PAD 6 8/256GB
RPSEW464,REDMI PAD SE WIFI 4/64GB
RPSEW6128,REDMI PAD SE WIFI 6/128GB
RA3364,REDMI A3 3/64GB
RB001,REDMI BAND8
RC758256,REALME C75 8/256GB
RC758128,REALME C75 8/128GB
RC638128,REALME C63 8/128GB
RC538256,REALME C53 8/256GB
RC51464,REALME C51 4/64GB
RN50364,REALME NOTE 50 3/64
RN504128,REALME NOTE 50 4/128
RN60X464,REALME NOTE 60X 4/64GB
RN75X6128,REALME NOTE 75X 6/128GB
LM8L8332,"LENOVO M8 LTE 8"" 3/32"
TSG4128,TECNO SPARK GO 2024 4/128GB
TSG364,TECNO SPARK GO 2024 3/64GB
TSG1364,TECNO SPARK GO 1 3/64GB
TSG14128,TECNO SPARK GO 1 4/128 GB
TS30C6128,TECNO SPARK 30C 6/128 GB
TP6N8256,TECNO POVA6 NEO 8/256
TP6P512256,TECNO POVA6 PRO 5G 12/256
TP6P58256,TECNO POVA6 PRO 5G 8/256
TC10P8256,TECNO COMON 40 PRO 8/256 GB
IS84128,INFINIX SMART8 4/128G
IS8364,INFINIX SMART8 3/64GB
IS9364,INFINIX SMART9 3/64GB
IS3128,INFINIX SMART9 3/128GB
IH40P8256,INFINIX HOT40 PRO 8/256
IH40I8256,INFINIX HOT40I 8/256 GB
IH40I8128,INFINIX HOT40I 8/128 GB
IH50P8256,INFINIX HOT50 PRO 8/256 GB
IH508256,INFINIX HOT50 8/256 GB
IH50I4256,INFINIX HOT50I 4/256 GB
IS40I8128,INFINIX 40I 8/128GB
ISGT20P512256,INFINIX GT 20 PRO 5G 12/256
IN50P512256,INFINIX NOTE 50 PRO 5G 12/256 GB
SIMT2D20VM,SIM PRE TMH2 DATA 20 MB VAS MULTI (20/100)
SIMT2M15,SIM PRE TMH2 SMART DEVICE2 MULTI 15
SIMT2SM15,SIM PRE TMH2 SMART DEVICE MULTI 15
NK2154,NOKIA 215 4G
NK1054,NOKIA 105 4G
BY811MM,BEYOND 811 MAMAS
PST5D,PLAYSTATION 5 SLIM ULTRA HD BLU-RAY DISC VERSION
SMH001,SMALL HONOR
HNW4001,HONOR WATCH 4
IQ1312256,IQOO 13 12/256 GB
IQ1312512,IQOO 13 12/512 GB
IQ1316512,IQOO 13 16/512 GB
HM7P12512,HONOR MAGIC 7 PRO 12/512
HX9C12256,HONOR X9C 12/256 GB
HX9B6128,HONOR X9B 6/128GB
HX6B6128,HONOR X6B 6/128GB
CAP001,CAP
BAG001,BAG
BAG002,BAG
BAG004,BAG
CS001,CUSHION
UM001,UMBRELLA
SP001,SPEAKER
EL3250,EPSON L3250
SC,SHIPPING COST
